date,hmax,hmin,weather,wind_direction,wind_strength
2016-01-01,21,12,晴~多云,西北风,小于3级
2016-01-02,22,15,多云~阴,西北风,小于3级
2016-01-03,24,18,阴,东北风,小于3级
2016-01-04,24,18,小雨,东南风,小于3级
2016-01-05,22,16,中到大雨~小雨,东北风,小于3级
2016-01-06,24,12,晴~多云,东北风,小于3级
2016-01-07,20,13,多云,西北风,小于3级
2016-01-08,21,14,多云,西北风,小于3级
2016-01-09,19,14,多云~阴,东南风,小于3级
2016-01-10,19,13,小到中雨~中到大雨,东北风,小于3级
2016-01-11,17,11,多云,西北风,小于3级
2016-01-12,17,12,阴,东北风,小于3级
2016-01-13,18,10,多云,西北风,小于3级
2016-01-14,17,12,阴~小到中雨,东北风,小于3级
2016-01-15,14,12,中雨~小到中雨,东北风,小于3级
2016-01-16,15,12,小雨~中雨,东北风,小于3级
2016-01-17,16,9,小雨~多云,西北风,小于3级
2016-01-18,19,10,晴~多云,西北风,小于3级
2016-01-19,17,12,多云~小雨,西北风,小于3级
2016-01-20,15,12,小雨,西北风,小于3级
2016-01-21,14,10,小到中雨,西北风,小于3级
2016-01-22,9,4,小到中雨~小雨,东北风,小于3级
2016-01-23,6,2,阴,东北风,小于3级
2016-01-24,6,0,小雨~多云,东北风,小于3级
2016-01-25,9,2,多云,西北风,小于3级
2016-01-26,11,9,小雨~中到大雨,西北风,小于3级
2016-01-27,10,6,中到大雨,西北风,小于3级
2016-01-28,14,10,大到暴雨,东北风,小于3级
2016-01-29,18,11,小雨~阴,西北风,小于3级
2016-01-30,18,11,多云~阴,东北风,小于3级
2016-01-31,15,8,小雨~中到大雨,东北风,小于3级
2016-02-01,9,7,中雨~小雨,西北风,小于3级
2016-02-02,10,6,小雨~阴,东北风,小于3级
2016-02-03,13,7,阴,西北风,小于3级
2016-02-04,15,8,阴~多云,东北风,小于3级
2016-02-05,16,7,多云~晴,东北风,小于3级
2016-02-06,16,6,晴,西北风,小于3级
2016-02-07,17,5,晴,西北风,小于3级
2016-02-08,20,6,晴~多云,西北风,小于3级
2016-02-09,22,7,晴~多云,西北风,小于3级
2016-02-10,21,15,小雨,东北风,小于3级
2016-02-11,22,17,小雨,东南风,小于3级
2016-02-12,24,20,小雨,东南风,小于3级
2016-02-13,27,17,阴~小雨,东南风,小于3级
2016-02-14,19,8,阴,东北风,小于3级
2016-02-15,12,9,阴,东北风,小于3级
2016-02-16,14,8,阴~多云,西北风,小于3级
2016-02-17,15,11,阴,西北风,小于3级
2016-02-18,16,12,多云~阴,东北风,小于3级
2016-02-19,15,11,小雨~阴,东北风,小于3级
2016-02-20,20,10,多云,西北风,小于3级
2016-02-21,18,14,阴~小雨,东南风,小于3级
2016-02-22,16,11,小雨,西北风,小于3级
2016-02-23,14,10,小雨,东北风,小于3级
2016-02-24,13,10,阴,东北风,小于3级
2016-02-25,14,11,阴,西北风,小于3级
2016-02-26,14,11,阴~多云,东北风,小于3级
2016-02-27,19,9,晴,西北风,小于3级
2016-02-28,21,10,晴,西北风,小于3级
2016-02-29,23,9,晴,西北风,小于3级
2016-03-01,25,11,晴,西南风,小于3级
2016-03-02,24,12,晴,西北风,小于3级
2016-03-03,24,13,晴~多云,西北风,小于3级
2016-03-04,24,16,多云,西北风,小于3级
2016-03-05,24,18,多云,西北风,小于3级
2016-03-06,25,18,多云,东北风,小于3级
2016-03-07,27,18,多云,东南风,小于3级
2016-03-08,25,19,多云,东南风,小于3级
2016-03-09,21,10,大雨,无持续风向,小于3级
2016-03-10,11,8,大雨~小雨,西北风,小于3级
2016-03-11,11,7,阴,东北风,小于3级
2016-03-12,14,9,阴,西北风,小于3级
2016-03-13,14,11,中雨~小雨,西北风,小于3级
2016-03-14,18,12,多云~阴,东南风,小于3级
2016-03-15,17,14,阴,东北风,小于3级
2016-03-16,17,13,小雨,东北风,小于3级
2016-03-17,17,14,小雨,东北风,小于3级
2016-03-18,21,18,小到中雨~小雨,东南风,小于3级
2016-03-19,25,20,小雨~中雨,微风,小于3级
2016-03-20,23,19,中到大雨~大雨,东南风,小于3级
2016-03-21,21,18,大到暴雨~暴雨,东北风,小于3级
2016-03-22,20,18,大雨,西南风,小于3级
2016-03-23,20,14,大到暴雨~大雨,东北风,小于3级
2016-03-24,16,12,中雨~小雨,东北风,小于3级
2016-03-25,18,9,阴~多云,东北风,小于3级
2016-03-26,21,10,晴,西北风,小于3级
2016-03-27,23,10,晴,西北风,小于3级
2016-03-28,23,11,晴~多云,西北风,小于3级
2016-03-29,23,16,多云,西北风,小于3级
2016-03-30,23,18,阴,东北风,小于3级
2016-03-31,25,19,多云,东北风,小于3级
2016-04-01,27,20,阴~多云,东南风,小于3级
2016-04-02,27,20,阴,东南风,小于3级
2016-04-03,26,20,雷阵雨~中到大雨,东南风,小于3级
2016-04-04,24,20,中到大雨~阵雨,西南风,小于3级
2016-04-05,27,21,阴,西南风,小于3级
2016-04-06,27,22,阴,东南风,小于3级
2016-04-07,28,21,雷阵雨,东南风,小于3级
2016-04-08,28,23,多云,东南风,小于3级
2016-04-09,29,22,阵雨~多云,西北风,小于3级
2016-04-10,25,21,中雨~阵雨,东北风,小于3级
2016-04-11,25,21,阴,东南风,小于3级
2016-04-12,25,20,中到大雨,东南风,小于3级
2016-04-13,25,20,阵雨,东南风,小于3级
2016-04-14,27,23,阵雨~多云,东南风,小于3级
2016-04-15,27,22,小雨,东南风,小于3级
2016-04-16,26,23,雷阵雨,东南风,小于3级
2016-04-17,27,19,大雨~大到暴雨,无持续风向,小于3级
2016-04-18,25,19,阵雨~多云,西北风,小于3级
2016-04-19,26,21,多云,东南风,小于3级
2016-04-20,26,21,中雨~大雨,西北风,小于3级
2016-04-21,26,21,中到大雨,东南风,小于3级
2016-04-22,26,22,中到大雨,东南风,小于3级
2016-04-23,26,21,大到暴雨,东北风,小于3级
2016-04-24,26,21,大雨,东北风,小于3级
2016-04-25,29,23,雷阵雨,东南风,小于3级
2016-04-26,28,23,大雨~雷阵雨,微风,小于3级
2016-04-27,30,22,多云,无持续风向,小于3级
2016-04-28,31,22,多云,西北风,小于3级
2016-04-29,29,22,多云,东北风,小于3级
2016-04-30,27,22,雷阵雨~多云,东北风,小于3级
2016-05-01,28,21,多云,东南风,小于3级
2016-05-02,29,23,多云~雷阵雨,东南风,小于3级
2016-05-03,30,24,多云,东南风,小于3级
2016-05-04,30,23,多云,东南风,小于3级
2016-05-05,31,24,雷阵雨,东南风,小于3级
2016-05-06,31,25,雷阵雨,西北风,小于3级
2016-05-07,31,25,多云,东南风,小于3级
2016-05-08,32,25,多云,东南风,小于3级
2016-05-09,32,24,雷阵雨~大到暴雨,东南风,小于3级
2016-05-10,29,23,雷阵雨~阵雨,西北风,小于3级
2016-05-11,31,21,晴,西北风,小于3级
2016-05-12,32,23,多云,微风,小于3级
2016-05-13,31,24,多云,西北风,小于3级
2016-05-14,31,25,多云,东北风,小于3级
2016-05-15,30,20,中到大雨~阴,西北风,小于3级
2016-05-16,27,19,多云,西北风,小于3级
2016-05-17,28,20,多云,东南风,小于3级
2016-05-18,28,23,多云,西南风,小于3级
2016-05-19,29,24,多云,东南风,小于3级
2016-05-20,27,22,暴雨,东南风,小于3级
2016-05-21,27,23,阵雨~多云,东北风,小于3级
2016-05-22,31,23,晴,西北风,小于3级
2016-05-23,31,24,晴~多云,东北风,小于3级
2016-05-24,32,24,多云,东南风,小于3级
2016-05-25,33,26,多云,东南风,小于3级
2016-05-26,33,25,多云~雷阵雨,东北风,小于3级
2016-05-27,31,25,大雨~雷阵雨,东南风,小于3级
2016-05-28,30,25,中雨,东北风,小于3级
2016-05-29,32,26,雷阵雨,西北风,小于3级
2016-05-30,33,26,多云,东南风,小于3级
2016-05-31,35,27,多云,东南风,小于3级
2016-06-01,35,27,晴,东南风,小于3级
2016-06-02,35,27,晴,东南风,小于3级
2016-06-03,35,27,雷阵雨,东北风,小于3级
2016-06-04,35,24,雷阵雨~大雨,西北风,小于3级
2016-06-05,29,24,大到暴雨~中到大雨,西北风,小于3级
2016-06-06,30,24,雷阵雨~多云,东北风,小于3级
2016-06-07,32,25,多云~雷阵雨,微风,小于3级
2016-06-08,31,24,雷阵雨,微风,小于3级
2016-06-09,31,25,雷阵雨,西北风,小于3级
2016-06-10,32,25,雷阵雨,东北风,小于3级
2016-06-11,31,26,大雨,东北风,小于3级
2016-06-12,31,25,大雨~中到大雨,西北风,小于3级
2016-06-13,31,25,中到大雨~雷阵雨,西北风,小于3级
2016-06-14,33,25,大雨~大到暴雨,西北风,小于3级
2016-06-15,33,25,大到暴雨,东北风,小于3级
2016-06-16,31,25,中到大雨~雷阵雨,西南风,小于3级
2016-06-17,32,26,雷阵雨~多云,东北风,小于3级
2016-06-18,34,26,多云~晴,东南风,小于3级
2016-06-19,35,26,晴~多云,西南风,小于3级
2016-06-20,33,26,晴,东南风,小于3级
2016-06-21,35,27,晴,东南风,小于3级
2016-06-22,36,26,多云,东南风,小于3级
2016-06-23,35,27,晴,东南风,小于3级
2016-06-24,35,27,晴~雷阵雨,无持续风向,小于3级
2016-06-25,35,27,多云,东北风,小于3级
2016-06-26,35,28,晴~多云,东南风,小于3级
2016-06-27,36,27,晴~多云,西北风,小于3级
2016-06-28,33,26,雷阵雨,西北风,小于3级
2016-06-29,32,26,雷阵雨,东北风,小于3级
2016-06-30,31,26,中雨~中到大雨,东南风,小于3级
2016-07-01,32,26,中雨~雷阵雨,东南风,小于3级
2016-07-02,32,26,中雨,东南风,小于3级
2016-07-03,33,26,中雨~中到大雨,东南风,小于3级
2016-07-04,32,25,中到大雨,None,小于3级
2016-07-05,33,26,雷阵雨,None,小于3级
2016-07-06,33,26,雷阵雨~多云,None,小于3级
2016-07-07,36,26,晴,None,小于3级
2016-07-08,37,27,晴~多云,None,小于3级
2016-07-09,37,28,多云,None,小于3级
2016-07-10,33,25,中雨,None,小于3级
2016-07-11,33,26,中雨~雷阵雨,None,小于3级
2016-07-12,32,26,雷阵雨,西南风,小于3级
2016-07-13,31,26,雷阵雨,北风,小于3级
2016-07-14,33,26,雷阵雨,东南风,小于3级
2016-07-15,34,26,雷阵雨转多云,东北风,小于3级
2016-07-16,35,27,晴,东风,小于3级
2016-07-17,35,27,晴,东风,小于3级
2016-07-18,35,27,晴转多云,南风,小于3级
2016-07-19,35,27,多云,东南风,小于3级
2016-07-20,35,27,多云,东南风,小于3级
2016-07-21,36,27,晴,南风,小于3级
2016-07-22,36,27,晴,东风,小于3级
2016-07-23,36,27,晴,东南风,小于3级
2016-07-24,36,27,晴,西南风,小于3级
2016-07-25,37,28,晴,南风,小于3级
2016-07-26,36,26,多云,东南风,小于3级
2016-07-27,34,27,雷阵雨,东南风,小于3级
2016-07-28,35,27,多云,西风,小于3级
2016-07-29,36,27,晴,南风,小于3级
2016-07-30,37,28,晴,西北风,小于3级
2016-07-31,37,27,雷阵雨,南风,小于3级
2016-08-01,35,25,雷阵雨,微风,微风
2016-08-02,29,25,大暴雨,微风,1级
2016-08-03,31,25,雷阵雨,东风,1级
2016-08-04,32,26,多云,东南风,2级
2016-08-05,34,26,多云,北风,1级
2016-08-06,35,27,晴,东北风,1级
2016-08-07,36,27,晴,东风,1级
2016-08-08,35,27,雷阵雨,东北风,1级
2016-08-09,34,25,雷阵雨,北风,2级
2016-08-10,31,26,中到大雨,北风,1级
2016-08-11,32,26,雷阵雨,西南风,1级
2016-08-12,30,26,大雨,东北风,1级
2016-08-13,32,25,雷阵雨,东北风,1级
2016-08-14,32,26,中雨,南风,1级
2016-08-15,31,25,大雨,南风,微风
2016-08-16,31,25,大雨,东风,1级
2016-08-17,31,25,雷阵雨,东南风,2级
2016-08-18,30,25,大雨,东风,2级
2016-08-19,32,26,雷阵雨,东南风,1级
2016-08-20,34,26,多云,西南风,微风
2016-08-21,35,27,雷阵雨,南风,2级
2016-08-22,35,27,多云,东南风,2级
2016-08-23,35,27,多云,西风,微风
2016-08-24,36,28,多云,东北风,1级
2016-08-25,36,27,多云,东北风,1级
2016-08-26,35,25,雷阵雨,北风,1级
2016-08-27,32,24,雷阵雨,东北风,2级
2016-08-28,33,26,多云,东北风,2级
2016-08-29,33,26,晴,东北风,2级
2016-08-30,32,25,多云,西南风,1级
2016-08-31,33,25,雷阵雨,东风,1级
2016-09-01,32,25,中到大雨,北风,1级
2016-09-02,31,25,中到大雨,东南风,1级
2016-09-03,31,25,中雨,东南风,1级
2016-09-04,31,26,雷阵雨,东风,1级
2016-09-05,32,26,雷阵雨,东风,2级
2016-09-06,33,26,雷阵雨,东北风,1级
2016-09-07,31,25,中雨,西风,1级
2016-09-08,32,26,雷阵雨,东北风,1级
2016-09-09,32,26,雷阵雨,东风,1级
2016-09-10,30,25,大雨,东北风,1级
2016-09-11,30,25,小到中雨,南风,1级
2016-09-12,33,24,多云,北风,1级
2016-09-13,35,26,多云,东北风,1级
2016-09-14,35,26,多云,东北风,1级
2016-09-15,34,25,晴,北风,1级
2016-09-16,34,25,晴,东北风,2级
2016-09-17,34,25,晴,东北风,1级
2016-09-18,33,25,晴,北风,2级
2016-09-19,32,23,晴,北风,2级
2016-09-20,31,24,多云,东风,1级
2016-09-21,31,24,多云,北风,1级
2016-09-22,32,24,晴,西南风,1级
2016-09-23,32,25,晴,南风,1级
2016-09-24,32,25,多云,东南风,1级
2016-09-25,33,26,多云,西北风,1级
2016-09-26,34,26,多云,东北风,1级
2016-09-27,35,27,多云,南风,1级
2016-09-28,34,28,多云,南风,2级
2016-09-29,28,21,阵雨,东风,1级
2016-09-30,26,20,阵雨,北风,1级
2016-10-01,28,20,阵雨,东风,1级
2016-10-02,31,23,多云,西风,1级
2016-10-03,33,24,多云,南风,微风
2016-10-04,32,24,多云,东风,1级
2016-10-05,33,23,多云,北风,1级
2016-10-06,32,25,多云,东北风,1级
2016-10-07,31,25,多云,北风,1级
2016-10-08,31,24,雷阵雨,东北风,2级
2016-10-09,30,22,多云,东北风,2级
2016-10-10,30,22,多云,北风,2级
2016-10-11,28,21,小雨,北风,2级
2016-10-12,25,20,小到中雨,东北风,2级
2016-10-13,28,22,多云,东北风,1级
2016-10-14,30,20,多云,东北风,1级
2016-10-15,31,21,多云,东北风,1级
2016-10-16,32,24,晴,北风,2级
2016-10-17,32,23,多云,北风,2级
2016-10-18,26,23,大雨,东北风,1级
2016-10-19,27,23,阵雨,东南风,1级
2016-10-20,31,24,多云,北风,2级
2016-10-21,27,24,暴雨,西风,2级
2016-10-22,30,24,多云,东南风,1级
2016-10-23,31,24,多云,东风,1级
2016-10-24,30,24,多云,东南风,2级
2016-10-25,31,24,多云,东南风,2级
2016-10-26,32,25,晴,东北风,1级
2016-10-27,33,24,晴,东南风,1级
2016-10-28,33,22,晴,东北风,1级
2016-10-29,29,20,多云,东北风,2级
2016-10-30,28,19,晴,东北风,1级
2016-10-31,27,19,多云,东北风,2级
2016-11-01,26,17,多云,北风,3级
2016-11-02,25,17,多云,东北风,2级
2016-11-03,25,16,多云,东北风,2级
2016-11-04,26,17,晴,东北风,1级
2016-11-05,27,17,晴,北风,1级
2016-11-06,28,19,晴,东北风,1级
2016-11-07,29,19,多云,东北风,1级
2016-11-08,25,15,多云,北风,2级
2016-11-09,19,12,阴,东北风,2级
2016-11-10,16,13,小雨,北风,1级
2016-11-11,16,12,阴,东北风,1级
2016-11-12,22,16,阴,西南风,1级
2016-11-13,28,21,多云,东南风,1级
2016-11-14,29,20,多云,东北风,1级
2016-11-15,29,20,多云,南风,1级
2016-11-16,30,21,多云,南风,1级
2016-11-17,30,21,多云,东北风,1级
2016-11-18,28,22,多云,东北风,1级
2016-11-19,27,22,阵雨,东北风,微风
2016-11-20,26,22,小到中雨,南风,微风
2016-11-21,27,22,阵雨,东风,1级
2016-11-22,26,18,中到大雨,东风,1级
2016-11-23,18,10,小雨,东北风,3级
2016-11-24,14,10,阴,北风,2级
2016-11-25,14,11,小雨,南风,1级
2016-11-26,12,10,中到大雨,东北风,2级
2016-11-27,17,10,多云,北风,1级
2016-11-28,20,11,晴,东北风,1级
2016-11-29,20,11,阴,西风,1级
2016-11-30,19,11,多云,东北风,1级
2016-12-01,22,13,多云,东北风,1级
2016-12-02,23,15,多云,西南风,微风
2016-12-03,23,15,多云,东北风,1级
2016-12-04,25,16,多云,北风,微风
2016-12-05,26,15,多云,北风,2级
2016-12-06,20,11,多云,东北风,2级
2016-12-07,22,12,晴,南风,1级
2016-12-08,23,12,多云,东北风,1级
2016-12-09,24,12,晴,东北风,1级
2016-12-10,24,13,多云,西北风,微风
2016-12-11,25,15,多云,南风,1级
2016-12-12,25,17,多云,西南风,1级
2016-12-13,25,15,多云,北风,2级
2016-12-14,21,11,多云,东北风,2级
2016-12-15,19,10,晴,东北风,2级
2016-12-16,19,8,晴,东北风,1级
2016-12-17,20,9,多云,北风,微风
2016-12-18,22,15,多云,东北风,1级
2016-12-19,24,17,多云,东北风,1级
2016-12-20,26,18,多云,东北风,1级
2016-12-21,26,16,小雨,东风,1级
2016-12-22,22,12,晴,北风,2级
2016-12-23,22,15,多云,东北风,微风
2016-12-24,20,17,小雨,南风,1级
2016-12-26,24,11,多云,东北风,2级
2016-12-27,16,7,晴,东北风,2级
2016-12-28,16,8,晴,东北风,2级
2016-12-29,16,7,多云,北风,2级
2016-12-30,19,10,多云,北风,1级
2016-12-31,21,11,多云,北风,微风
2017-01-01,24,13,晴,西南风,1级
2017-01-02,25,15,多云,东北风,微风
2017-01-03,26,16,晴,北风,1级
2017-01-04,27,17,晴,东北风,1级
2017-01-05,25,17,多云,东北风,1级
2017-01-06,26,17,多云,东北风,1级
2017-01-07,25,18,小雨,东北风,1级
2017-01-08,23,14,多云,东北风,3级
2017-01-09,24,15,多云,东风,1级
2017-01-10,24,15,多云,东北风,1级
2017-01-11,20,13,小雨,北风,2级
2017-01-12,16,12,小雨,东北风,2级
2017-01-13,13,11,小雨,北风,2级
2017-01-14,14,10,小雨,北风,1级
2017-01-15,14,11,小雨,东北风,1级
2017-01-16,16,10,小雨,东北风,1级
2017-01-17,16,12,小雨,南风,1级
2017-01-18,19,14,阴,东南风,1级
2017-01-19,22,12,小雨,南风,1级
2017-01-20,18,9,阴,北风,2级
2017-01-21,19,8,晴,西风,1级
2017-01-22,20,9,晴,南风,1级
2017-01-23,21,12,晴,东北风,1级
2017-01-24,19,13,阴,东北风,1级
2017-01-25,22,10,多云,西风,微风
2017-01-26,24,12,晴,东风,1级
2017-01-27,23,11,晴,北风,1级
2017-01-28,24,13,多云,东风,2级
2017-01-29,21,15,小雨,西南风,微风
2017-01-30,21,12,阴,东北风,2级
2017-01-31,17,12,阴,东北风,1级
2017-02-01,22,12,多云,东北风,2级
2017-02-02,21,13,多云,东风,微风
2017-02-03,20,15,小雨,东南风,1级
2017-02-04,21,15,小雨,东北风,1级
2017-02-05,24,16,晴,西南风,微风
2017-02-06,23,15,多云,东北风,1级
2017-02-07,21,14,小雨,南风,1级
2017-02-08,19,10,小雨,东北风,2级
2017-02-09,15,8,多云,东北风,2级
2017-02-10,16,8,晴,东北风,2级
2017-02-11,16,6,晴,南风,1级
2017-02-12,19,7,晴,东北风,1级
2017-02-13,21,9,晴,北风,1级
2017-02-14,23,12,晴,北风,1级
2017-02-15,25,12,晴,南风,1级
2017-02-16,25,13,晴,南风,1级
2017-02-17,26,14,晴,西南风,微风
2017-02-18,27,16,晴,东南风,1级
2017-02-19,26,17,多云,南风,1级
2017-02-20,24,18,多云,东南风,1级
2017-02-21,25,18,小雨,东南风,2级
2017-02-22,25,14,阵雨,北风,1级
2017-02-23,14,9,小雨,东北风,2级
2017-02-24,11,8,小雨,东北风,2级
2017-02-25,11,8,小雨,东北风,1级
2017-02-26,15,11,小雨,东北风,1级
2017-02-27,20,14,多云,北风,1级
2017-02-28,21,15,多云,东北风,2级
2017-03-01,21,13,多云,东北风,2级
2017-03-02,22,10,晴,北风,1级
2017-03-03,23,13,晴,东风,2级
2017-03-06,18,14,小雨,东北风,2级
2017-03-07,18,14,小雨,北风,1级
2017-03-08,16,13,小雨,北风,1级
2017-03-09,18,15,小雨,西南风,微风
2017-03-10,19,17,小雨,西南风,1级
2017-03-11,19,17,小雨,东风,1级
2017-03-12,22,18,小雨,南风,1级
2017-03-13,25,14,阴,东风,1级
2017-03-14,18,13,小雨,东北风,2级
2017-03-15,17,13,阴,西北风,微风
2017-03-16,20,16,小雨,北风,1级
2017-03-17,20,16,阴,北风,1级
2017-03-18,20,17,小雨,东南风,1级
2017-03-19,21,18,大雨,北风,1级
2017-03-20,24,18,小雨,东北风,1级
2017-03-21,25,18,阴,南风,1级
2017-03-22,23,19,中雨,东风,1级
2017-03-23,24,19,阴,南风,2级
2017-03-24,26,18,阴,南风,3级
2017-03-25,17,11,小雨,北风,3级
2017-03-26,15,9,阵雨,东风,2级
2017-03-27,24,14,晴,东南风,2级
2017-03-28,26,18,多云,东风,3级
2017-03-29,24,20,雷阵雨,西南风,2级
2017-03-30,26,20,阵雨,东南风,3级
2017-03-31,20,13,大雨,北风,5级
2017-04-01,23,12,晴,西风,1级
2017-04-02,25,14,晴,东南风,2级
2017-04-03,26,16,晴,南风,3级
2017-04-04,27,18,多云,东南风,3级
2017-04-05,27,20,多云,东南风,3级
2017-04-06,26,21,阵雨,东南风,2级
2017-04-07,27,21,多云,东南风,3级
2017-04-08,28,23,阵雨,东南风,4级
2017-04-09,29,24,多云,南风,3级
2017-04-10,29,19,多云,东南风,2级
2017-04-11,24,17,雷阵雨,北风,4级
2017-04-12,20,17,中雨,北风,2级
2017-04-13,22,17,阴,东南风,2级
2017-04-14,24,18,阴,西南风,2级
2017-04-15,26,22,阴,东南风,2级
2017-04-16,29,22,多云,东南风,2级
2017-04-17,30,23,多云,西风,3级
2017-04-18,32,23,阴,西南风,1级
2017-04-19,30,23,阵雨,东风,2级
2017-04-20,29,20,中雨,东风,3级
2017-04-21,28,17,中到大雨,北风,4级
2017-04-22,22,17,阵雨,北风,3级
2017-04-23,24,18,阴,东南风,2级
2017-04-24,24,20,阵雨,东北风,2级
2017-04-25,24,21,小雨,东风,2级
2017-04-26,24,20,中雨,东北风,1级
2017-04-27,23,17,阴,北风,3级
2017-04-28,25,16,晴,东北风,2级
2017-04-29,28,18,多云,南风,2级
2017-04-30,29,21,多云,东南风,3级
2017-05-01,30,23,多云,东南风,3级
2017-05-02,29,24,多云,东南风,3级
2017-05-03,30,24,多云,东南风,4级
2017-05-04,27,21,大雨,南风,1级
2017-05-05,29,23,多云,东北风,1级
2017-05-06,31,23,多云,东风,2级
2017-05-07,29,24,暴雨,东南风,2级
2017-05-08,29,22,大雨,西南风,2级
2017-05-09,29,23,阴,东南风,1级
2017-05-10,31,24,多云,东南风,2级
2017-05-11,31,24,多云,东南风,3级
2017-05-12,29,23,雷阵雨,西南风,2级
2017-05-13,28,23,阵雨,东南风,2级
2017-05-14,29,23,多云,南风,3级
2017-05-15,27,23,暴雨,东风,3级
2017-05-16,27,23,多云,东北风,2级
2017-05-17,30,22,多云,东北风,1级
2017-05-18,30,24,阵雨,东风,2级
2017-05-19,29,23,阵雨,东风,3级
2017-05-20,27,21,阵雨,东风,1级
2017-05-21,27,23,阵雨,东风,2级
2017-05-22,28,24,中到大雨,北风,2级
2017-05-23,29,23,阵雨,东南风,2级
2017-05-24,26,22,大到暴雨,北风,2级
2017-05-25,29,22,多云,北风,3级
2017-05-26,30,23,多云,东北风,2级
2017-05-27,31,22,多云,东北风,2级
2017-05-28,32,22,晴,东风,1级
2017-05-29,33,24,多云,东南风,2级
2017-05-30,32,24,多云,东南风,2级
2017-05-31,32,25,多云,东南风,2级
2017-06-01,33,26,雷阵雨,东南风,4级
2017-06-02,33,25,中雨,东北风,2级
2017-06-03,33,26,中雨,东风,3级
2017-06-04,33,26,阵雨,东南风,3级
2017-06-05,34,27,雷阵雨,东风,4级
2017-06-06,34,27,雷阵雨,东南风,4级
2017-06-07,35,27,多云,东北风,1级
2017-06-08,35,27,多云,南风,3级
2017-06-09,35,27,雷阵雨,东南风,1级
2017-06-10,34,27,雷阵雨,东南风,2级
2017-06-11,35,28,晴,东南风,4级
2017-06-12,35,26,雷阵雨,北风,2级
2017-06-13,32,26,中雨,东风,3级
2017-06-14,31,26,大到暴雨,东风,1级
2017-06-15,32,25,中雨,东南风,3级
2017-06-16,31,24,大到暴雨,北风,5级
2017-06-17,30,25,中雨,北风,微风
2017-06-18,28,24,中到大雨,北风,2级
2017-06-19,28,25,大雨,西南风,2级
2017-06-20,28,25,暴雨,东南风,2级
2017-06-21,31,26,中雨,东北风,1级
2017-06-22,32,26,中雨,南风,2级
2017-06-23,34,27,雷阵雨,东风,2级
2017-06-24,33,26,雷阵雨,南风,3级
2017-06-25,33,27,雷阵雨,东风,1级
2017-06-26,34,27,雷阵雨,西风,4级
2017-06-27,34,27,多云,西南风,4级
2017-06-28,35,28,雷阵雨,东北风,1级
2017-06-29,35,27,雷阵雨,东南风,2级
2017-06-30,35,27,雷阵雨,东南风,2级
2017-07-01,34,27,雷阵雨,东南风,1级
2017-07-02,32,27,中雨,西南风,1级
2017-07-03,31,26,大雨,西南风,1级
2017-07-04,30,25,雷阵雨,东风,2级
2017-07-05,33,26,雷阵雨,东北风,1级
2017-07-06,33,26,雷阵雨,东南风,2级
2017-07-07,32,26,中雨,东南风,2级
2017-07-08,31,26,中雨,东南风,2级
2017-07-09,32,26,中雨,东南风,2级
2017-07-10,33,26,雷阵雨,东南风,1级
2017-07-11,33,26,雷阵雨,东南风,1级
2017-07-12,34,26,多云,东风,1级
2017-07-13,34,26,雷阵雨,东南风,2级
2017-07-14,35,27,雷阵雨,南风,1级
2017-07-15,35,26,雷阵雨,东南风,1级
2017-07-16,33,26,中雨,东风,2级
2017-07-17,32,25,中雨,东南风,2级
2017-07-18,29,24,大雨,西南风,1级
2017-07-19,31,25,雷阵雨,东风,1级
2017-07-20,32,25,雷阵雨,北风,1级
2017-07-21,34,26,多云,北风,1级
2017-07-22,34,25,雷阵雨,东南风,1级
2017-07-23,33,25,大雨,东北风,1级
2017-07-24,33,26,雷阵雨,东南风,1级
2017-07-25,34,26,多云,东南风,1级
2017-07-26,35,26,晴,南风,2级
2017-07-27,35,26,多云,东南风,2级
2017-07-28,35,26,多云,东南风,1级
2017-07-29,37,28,多云,东风,1级
2017-07-30,36,27,雷阵雨,南风,1级
2017-07-31,36,26,雷阵雨,南风,2级
2017-08-01,35,28,雷阵雨,西风,2级
2017-08-02,35,28,雷阵雨,东南风,1级
2017-08-03,31,27,中雨,南风,2级
2017-08-04,32,26,雷阵雨,东南风,2级
2017-08-05,33,26,雷阵雨,南风,1级
2017-08-06,35,26,多云,东南风,2级
2017-08-07,37,28,晴,南风,2级
2017-08-08,36,28,多云,南风,2级
2017-08-09,35,27,雷阵雨,南风,2级
2017-08-10,34,27,中雨,东南风,1级
2017-08-11,34,28,雷阵雨,西南风,1级
2017-08-12,35,28,多云,东南风,3级
2017-08-13,35,28,多云,南风,1级
2017-08-14,35,28,晴,南风,1级
2017-08-15,35,28,晴,东南风,2级
2017-08-16,34,28,雷阵雨,西风,1级
2017-08-17,35,28,晴,东南风,2级
2017-08-18,35,28,晴,东南风,2级
2017-08-19,36,28,晴,东风,2级
2017-08-20,36,28,晴,东风,2级
2017-08-21,37,28,晴,东南风,1级
2017-08-22,37,28,多云,东北风,2级
2017-08-23,30,25,大到暴雨,东风,2级
2017-08-24,31,26,雷阵雨,西风,1级
2017-08-25,34,26,雷阵雨,北风,1级
2017-08-26,35,25,雷阵雨,北风,1级
2017-08-27,29,24,暴雨,东风,2级
2017-08-28,29,25,大到暴雨,东风,1级
2017-08-29,34,25,多云,东南风,微风
2017-08-30,35,26,多云,东风,2级
2017-08-31,35,26,雷阵雨,东北风,1级
2017-03-04,24,17,多云,东南风,微风
2017-03-05,25,16,小雨,东南风,微风
